{"cameraMode":{"drawMode":0,"name":"Shaded","section":"Shading Mode"},"sceneLighting":true,"audioPlay":false,"sceneViewState":{"showFog":true,"showMaterialUpdate":false,"showSkybox":true,"showFlares":true,"showImageEffects":true,"showParticleSystems":true},"in2DMode":false,"pivot":{"x":4.094707489013672,"y":-0.7093596458435059,"z":-4.020397186279297},"rotation":{"x":-0.07818959653377533,"y":0.37245631217956545,"z":-0.031513113528490069,"w":-0.9242129921913147},"size":27.857501983642579,"orthographic":false}